<metadata>
	<idinfo>
		<citation>
			<citeinfo>
				<origin>Fisheries and Oceans Canada</origin>
				<pubdate>March 21, 2006</pubdate>
				<title>PFMA Subarea Polygons on 50k Coastline</title>
				<edition>Version 3.1</edition>
				<geoform>map</geoform>
				<pubinfo>
					<publish>Fisheries and Oceans Canada</publish>
				</pubinfo>
				<lworkcit>
					<citeinfo>
						<pubinfo>
						</pubinfo>
					</citeinfo>
				</lworkcit>
				<ftname Sync="TRUE">SDE_BOUNDARIES.DFO_BC_PFMA_SUBAREAS_50K_V3_1</ftname></citeinfo>
		</citation>
		<descript>
			<abstract>This dataset describes the DFO statistical areas and subareas referenced to the 1:50,000 scale BC Watershed Atlas  coastline.  Version 3.1 of this dataset was created from the previous version originally developed by DFO.  Version 3.1 has incorporated improvements, specifically, separation of multi part polygons into individual polygons (subareas) and some small topological corrections. Fisheries and Oceans Canada
</abstract><purpose>The purpose of this dataset is for GIS / mapping display and analysis as it relates to fisheries planning and management.</purpose><langdata>en</langdata></descript>
		<timeperd>
			<timeinfo>
				<sngdate><caldate>March 1, 2006</caldate></sngdate></timeinfo>
			<current>current</current>
		</timeperd>
		<status>
			<progress>Complete</progress>
			<update>As needed</update>
		</status>
		<spdom>
			<bounding>
				<westbc>-139.3363</westbc>
				<eastbc>-121.6627</eastbc>
				<northbc>55.9138</northbc>
				<southbc>45.9935</southbc>
			</bounding>
			<lboundng><leftbc Sync="TRUE">159671.380000</leftbc><rightbc Sync="TRUE">1270394.660000</rightbc><bottombc Sync="TRUE">173938.430000</bottombc><topbc Sync="TRUE">1221518.500000</topbc></lboundng></spdom>
		<keywords>
			<theme>
				<themekey>boundaries</themekey>
				<themekey>subarea</themekey>
				<themekey>PFMA</themekey>
				<themekey>statarea</themekey>
				<themekey>EEZ</themekey>
				<themekey>fisheries</themekey>
				<themekey>statistical</themekey><themekey> BC watershed atlas</themekey><themekey>50k</themekey><themekey>PFMAs</themekey><themekey>areas</themekey><themekey>area</themekey><themekey>statistical areas</themekey><themekey>statistical area</themekey><themekey>statareas</themekey><themekey>marine</themekey><themekey>DFO</themekey></theme>
			<place>
				<placekt>None</placekt>
				<placekey>Pacific</placekey>
				<placekey>pacific coast</placekey>
				<placekey>pacific ocean</placekey>
			</place>
		</keywords>
		<useconst>Not for navigational purposes.
Although DFO has undertaken all reasonable precautions and error checking procedures, this dataset may contain errors. This dataset may not be current. There may be incorrect or missing information. This dataset should never be used for navigation. DFO is not responsible for damages resulting from any omissions, deletions, or errors in this dataset.  DFO specifically does not guarantee suitability or fitness for a particular purpose. DFO must be acknowledged as the source of this dataset in any maps or reports. Please forward any error information to DFO for remedial action.</useconst>
		<ptcontac>
			<cntinfo>
				<cntorgp>
					<cntorg>Fisheries and Oceans Canada</cntorg>
					<cntper>Dwight McCullough</cntper>
				</cntorgp>
				<cntpos>GIS Coordinator</cntpos>
				<cntaddr>
					<addrtype>mailing and physical address</addrtype>
					<address>200-401 Burrard St.</address>
					<city>Vancouver</city>
					<state>BC</state>
					<postal>V6C 3S4</postal>
					<country>Canada</country>
				</cntaddr>
				<cntvoice>(604) 666-2044</cntvoice>
				<cntfax>(604) 666-0292</cntfax>
				<cntemail>mcculloughdw@pac.dfo-mpo.gc.ca</cntemail>
			</cntinfo>
		</ptcontac>
		<native>ArcView 3.2 </native>
		<datacred>DFO, Pacific Region</datacred><natvform>ESRI Shapefile</natvform></idinfo>
	<dataqual>
		<attracc>
			<attraccr>As complete and correct as possible through the verification process.</attraccr>
		</attracc>
		<complete>Each subarea is defined by 1 polygon, which may contain islands.  The PFMA regulation defines the subarea boundaries according to a set of geographic coordinates. These coordinates have not been altered in this dataset. As a result there may be cases where the coordinates do not overlay on the intended geographic feature as it is defined by the BC Watershed Atlas  coastline. In these cases, some editing may have been  performed to indicate the intended presentation of the subarea boundaries and the BC Watershed Atlas coastline.</complete>
		<posacc>
			<horizpa>
				<horizpar>PFMA coordinates were imported to the GIS in geographic decimal degree coordinates with eight decimal places. However the PFMA regulation coordinates are defined in degree decimal minutes with 3 decimal places. The boundary points in this file should thus be considered accurate to the one thousandth decimal minute.</horizpar></horizpa>
			<vertacc>
			</vertacc>
		</posacc>
		<lineage>
			<srcinfo>
				<srccite>
					<citeinfo>
						<origin>Fisheries and Oceans Canada</origin>
						<title>Statistical Areas version 3.0</title>
						<geoform>map</geoform>
						<pubinfo>
						</pubinfo>
						<othercit>This Regulation is currently under review.</othercit>
						<lworkcit>
							<citeinfo>
								<pubinfo>
								</pubinfo>
							</citeinfo>
						</lworkcit>
					</citeinfo>
				</srccite>
				<srctime>
					<timeinfo>
						<sngdate><caldate>August 06, 2004</caldate></sngdate></timeinfo>
					<srccurr>publication date</srccurr>
				</srctime>
			</srcinfo>
			<procstep>
				<procdesc>March 1, 2006 updated version 3 to version 3.1: Six subareas that were compirsed of more than one polygon, which had been merged in version 3 are now separate polygons.</procdesc>
				<procdate>March 1, 2006</procdate>
				<proccont>
					<cntinfo>
						<cntperp>
							<cntper>Catherine Griffiths</cntper>
							<cntorg>Fisheries and Oceans - Pacific Region</cntorg>
						</cntperp>
						<cntpos>GIS Consultant</cntpos>
						<cntaddr>
							<addrtype>mailing and physical address</addrtype>
							<address>122 Dover Place</address>
							<city>Saltspring Island</city>
							<state>British Columbia</state>
							<postal>V8K 1R8</postal>
							<country>Canada</country>
						</cntaddr>
						<cntvoice>(250) 537-5642</cntvoice>
						<cntfax></cntfax>
						<cntemail>cjgrif@telus.net</cntemail>
						<hours></hours>
					</cntinfo>
				</proccont>
			</procstep>
		</lineage>
	</dataqual>
	<spdoinfo>
		<direct>Vector</direct>
		<ptvctinf><esriterm Name="IPES_WCVI_boundary_UTM9"><efeatyp Sync="TRUE">Simple</efeatyp><efeageom code="4" Sync="TRUE"></efeageom><esritopo Sync="TRUE">FALSE</esritopo><efeacnt Sync="TRUE">0</efeacnt><spindex Sync="TRUE">FALSE</spindex><linrefer Sync="TRUE">FALSE</linrefer></esriterm></ptvctinf></spdoinfo>
	<spref>
		<horizsys>
			<planar>
				<planci>
					<plance>coordinate pair</plance>
					<coordrep>
						<absres Sync="TRUE">0.000156</absres><ordres Sync="TRUE">0.000156</ordres></coordrep>
					<plandu>meters</plandu>
				</planci>
			</planar>
			<geodetic>
				<horizdn>North American Datum of 1983</horizdn>
				<ellips>Geodetic Reference System 80</ellips>
				<semiaxis>6378137.000000</semiaxis>
				<denflat>298.257222</denflat>
			</geodetic>
			<cordsysn><projcsn>BC Albers</projcsn><geogcsn Sync="TRUE">GCS_North_American_1983</geogcsn></cordsysn></horizsys>
		<vertdef><altsys><altenc Sync="TRUE">Explicit elevation coordinate included with horizontal coordinates</altenc><altres Sync="TRUE">1.000000</altres></altsys></vertdef></spref>
	<eainfo>
		<detailed Name="IPES_WCVI_boundary_UTM9">
			<attr><attrlabl Sync="TRUE">SHAPE</attrlabl><attalias Sync="TRUE">Shape</attalias><attrtype Sync="TRUE">Geometry</attrtype><attwidth Sync="TRUE">0</attwidth><atprecis Sync="TRUE">0</atprecis><attscale Sync="TRUE">0</attscale><attrdef Sync="TRUE">Feature geometry.</attrdef><attrdefs Sync="TRUE">ESRI</attrdefs><attrdomv><udom Sync="TRUE">Coordinates defining the features.</udom></attrdomv></attr><attr><attrlabl Sync="TRUE">SHAPE_Area</attrlabl><attalias Sync="TRUE">FID</attalias><attrtype Sync="TRUE">OID</attrtype><attwidth Sync="TRUE">4</attwidth><atprecis Sync="TRUE">0</atprecis><attscale Sync="TRUE">0</attscale><attrdef Sync="TRUE">Area of feature in internal units squared.</attrdef><attrdefs Sync="TRUE">Esri</attrdefs><attrdomv><udom Sync="TRUE">Positive real numbers that are automatically generated.</udom></attrdomv></attr><enttyp>
				<enttypl>SDE_BOUNDARIES.DFO_BC_PFMA_SUBAREAS_50K_V3_1</enttypl>
				<enttypd>Shapefile Attribute Table</enttypd>
				<enttypds>None</enttypds>
				<enttypt Sync="TRUE">Feature Class</enttypt><enttypc Sync="TRUE">0</enttypc></enttyp>
			<attr><attrlabl Sync="TRUE">Shape</attrlabl><attalias Sync="TRUE">Shape_Leng</attalias><attrtype Sync="TRUE">Double</attrtype><attwidth Sync="TRUE">19</attwidth><attrdef Sync="TRUE">Feature geometry.</attrdef><attrdefs Sync="TRUE">ESRI</attrdefs><attrdomv><udom Sync="TRUE">Coordinates defining the features.</udom></attrdomv><atprecis Sync="TRUE">0</atprecis><attscale Sync="TRUE">0</attscale></attr><attr><attrlabl Sync="TRUE">Shape_Le_1</attrlabl><attalias Sync="TRUE">Shape_Le_1</attalias><attrtype Sync="TRUE">Double</attrtype><attwidth Sync="TRUE">19</attwidth><atprecis Sync="TRUE">0</atprecis><attscale Sync="TRUE">0</attscale></attr><attr><attrlabl Sync="TRUE">Shape_Leng</attrlabl><attalias Sync="TRUE">Shape_Area</attalias><attrtype Sync="TRUE">Double</attrtype><attwidth Sync="TRUE">19</attwidth><atprecis Sync="TRUE">0</atprecis><attscale Sync="TRUE">0</attscale><attrdef Sync="TRUE">Area of feature in internal units squared.</attrdef><attrdefs Sync="TRUE">Esri</attrdefs><attrdomv><udom Sync="TRUE">Positive real numbers that are automatically generated.</udom></attrdomv></attr></detailed>
		<overview>
		</overview>
	</eainfo>
	<distinfo>
		<distrib>
			<cntinfo>
				<cntorgp>
					<cntorg>Fisheries and Oceans - Pacific Region</cntorg>
					<cntper>Dwight McCullough</cntper>
				</cntorgp>
				<cntpos>GIS Coordinator</cntpos>
				<cntaddr>
					<addrtype>mailing and physical address</addrtype>
					<address>200-401 Burrard St.</address>
					<city>Vancouver</city>
					<state>BC</state>
					<postal>V6C 3S4</postal>
					<country>Canada</country>
				</cntaddr>
				<cntvoice>(604) 666-2044</cntvoice>
				<cntfax>(604) 666-0292</cntfax>
				<cntemail>mcculloughdw@pac.dfo-mpo.gc.ca</cntemail>
				<hours></hours>
			</cntinfo>
		</distrib>
		<resdesc>Downloadable Data</resdesc>
		<stdorder>
			<digform>
				<digtinfo>
					<formname>ESRI shapefile</formname>
					<transize Sync="TRUE">18.244</transize><dssize Sync="TRUE">18.244</dssize></digtinfo>
				<digtopt>
					<offoptn>
					</offoptn>
				</digtopt>
			</digform>
		</stdorder>
	</distinfo>
	<metainfo>
		<metd>March 21, 2006</metd>
		<metc>
			<cntinfo>
				<cntpos>GIS Consultant</cntpos>
				<cntaddr>
					<addrtype>mailing and physical address</addrtype>
					<address>122 Dover Place</address>
					<city>Saltspring Island</city>
					<state>BC</state>
					<postal>V8K 1R8</postal>
					<country>Canada</country>
				</cntaddr>
				<cntvoice>250-537-5642</cntvoice>
				<cntemail>cjgrif@telus.net</cntemail>
				<cntperp><cntper>Catherine Griffiths</cntper></cntperp></cntinfo>
		</metc>
		<metstdn>FGDC CSDGM</metstdn>
		<metstdv>FGDC-STD-001-1998</metstdv>
		<langmeta Sync="TRUE">en</langmeta><mettc Sync="TRUE">local time</mettc></metainfo>
	<Esri><CreaDate>20221025</CreaDate><CreaTime>09410200</CreaTime><SyncOnce>FALSE</SyncOnce><ModDate>20221025</ModDate><ModTime>09433400</ModTime><SyncDate>20221025</SyncDate><SyncTime>09433400</SyncTime><DataProperties><lineage><Process ToolSource="C:\Program Files\ArcGIS\ArcToolbox\Toolboxes\Data Management Tools.tbx\CopyFeatures" Date="20070122" Time="153656">CopyFeatures C:\Temp\newData\d_110107\Dwight\DFO_BC_STAT_AREA_50K_V3_1.shp "Database Connections\PACORAINET_BOUNDARIES.sde\SDE_BOUNDARIES.DFO_STATISTICAL_AREAS\SDE_BOUNDARIES.DFO_BC_STAT_AREA_50K_V3_1" BOUNDARIES 0 0 0</Process><Process ToolSource="C:\Program Files\ArcGIS\Desktop10.0\ArcToolbox\Toolboxes\Data Management Tools.tbx\CopyFeatures" Date="20110220" Time="133918">CopyFeatures C:\temp\SDE_Boundaries.gdb\PACIFIC_FISHERIES_MANAGEMENT_AREAS_PFMA\DFO_BC_PFMA_SUBAREAS_50K_V3_1 "Database Connections\Boundaries(prod_IPROD1).sde\SDE_BOUNDARIES.PACIFIC_FISHERIES_MANAGEMENT_AREAS_PFMA\SDE_BOUNDARIES.DFO_BC_PFMA_SUBAREAS_50K_V3_1" BOUNDARIES 0 0 0</Process><Process ToolSource="c:\program files\arcgis\pro\Resources\ArcToolbox\toolboxes\Data Management Tools.tbx\Dissolve" Date="20221024" Time="151358">Dissolve "PFMA_Subareas_50k selection" C:\Users\FlynnK\AppData\Local\Temp\1\ArcGISProTemp17680\d63666ab-abc3-4988-a14e-4d00ee9a82cc\Default.gdb\boundary_v1 # # MULTI_PART DISSOLVE_LINES</Process><Process ToolSource="c:\program files\arcgis\pro\Resources\ArcToolbox\toolboxes\Conversion Tools.tbx\FeatureClassToFeatureClass" Date="20221025" Time="091125">FeatureClassToFeatureClass boundary_v1 "C:\Users\FlynnK\Documents\GIS_base_files\For Cam" IPES_WCVI_boundary.shp # "Shape_Length "Shape_Length" false true true 8 Double 0 0,First,#,boundary_v1,Shape_Length,-1,-1;Shape_Area "Shape_Area" false true true 8 Double 0 0,First,#,boundary_v1,Shape_Area,-1,-1" #</Process><Process ToolSource="c:\program files\arcgis\pro\Resources\ArcToolbox\toolboxes\Data Management Tools.tbx\Project" Date="20221025" Time="094103">Project IPES_WCVI_boundary C:\Users\FlynnK\AppData\Local\Temp\1\ArcGISProTemp17680\d63666ab-abc3-4988-a14e-4d00ee9a82cc\Default.gdb\IPES_WCVI_boundary_UTM9 PROJCS["NAD_1983_UTM_Zone_9N",GEOGCS["GCS_North_American_1983",DATUM["D_North_American_1983",SPHEROID["GRS_1980",6378137.0,298.257222101]],PRIMEM["Greenwich",0.0],UNIT["Degree",0.0174532925199433]],PROJECTION["Transverse_Mercator"],PARAMETER["False_Easting",500000.0],PARAMETER["False_Northing",0.0],PARAMETER["Central_Meridian",-129.0],PARAMETER["Scale_Factor",0.9996],PARAMETER["Latitude_Of_Origin",0.0],UNIT["Meter",1.0]] # PROJCS["NAD_1983_BC_Environment_Albers",GEOGCS["GCS_North_American_1983",DATUM["D_North_American_1983",SPHEROID["GRS_1980",6378137.0,298.257222101]],PRIMEM["Greenwich",0.0],UNIT["Degree",0.0174532925199433]],PROJECTION["Albers"],PARAMETER["False_Easting",1000000.0],PARAMETER["False_Northing",0.0],PARAMETER["Central_Meridian",-126.0],PARAMETER["Standard_Parallel_1",50.0],PARAMETER["Standard_Parallel_2",58.5],PARAMETER["Latitude_Of_Origin",45.0],UNIT["Meter",1.0]] NO_PRESERVE_SHAPE # NO_VERTICAL</Process><Process ToolSource="c:\program files\arcgis\pro\Resources\ArcToolbox\toolboxes\Conversion Tools.tbx\FeatureClassToFeatureClass" Date="20221025" Time="094335">FeatureClassToFeatureClass IPES_WCVI_boundary_UTM9 "C:\Users\FlynnK\Documents\GIS_base_files\For Cam" IPES_WCVI_boundary_UTM9.shp # "Shape_Leng "Shape_Leng" true true false 8 Double 0 0,First,#,IPES_WCVI_boundary_UTM9,Shape_Leng,-1,-1;Shape_Length "Shape_Length" false true true 8 Double 0 0,First,#,IPES_WCVI_boundary_UTM9,Shape_Length,-1,-1;Shape_Area "Shape_Area" false true true 8 Double 0 0,First,#,IPES_WCVI_boundary_UTM9,Shape_Area,-1,-1" #</Process></lineage><itemProps><itemName Sync="TRUE">IPES_WCVI_boundary_UTM9</itemName><imsContentType Sync="TRUE">002</imsContentType><itemLocation><linkage Sync="TRUE">file://\\WSBCPBS9067134\C$\Users\FlynnK\Documents\GIS_base_files\For Cam\IPES_WCVI_boundary_UTM9.shp</linkage><protocol Sync="TRUE">Local Area Network</protocol></itemLocation><nativeExtBox><westBL Sync="TRUE">159671.380000</westBL><eastBL Sync="TRUE">1270394.660000</eastBL><southBL Sync="TRUE">173938.430000</southBL><northBL Sync="TRUE">1221518.500000</northBL><exTypeCode Sync="TRUE">1</exTypeCode></nativeExtBox><itemSize Sync="TRUE">0.000</itemSize></itemProps><coordRef><type Sync="TRUE">Projected</type><geogcsn Sync="TRUE">GCS_North_American_1983</geogcsn><projcsn Sync="TRUE">NAD_1983_UTM_Zone_9N</projcsn><peXml Sync="TRUE">&lt;ProjectedCoordinateSystem xsi:type='typens:ProjectedCoordinateSystem' xmlns:xsi='http://www.w3.org/2001/XMLSchema-instance' xmlns:xs='http://www.w3.org/2001/XMLSchema' xmlns:typens='http://www.esri.com/schemas/ArcGIS/2.8.0'&gt;&lt;WKT&gt;PROJCS[&amp;quot;NAD_1983_UTM_Zone_9N&amp;quot;,GEOGCS[&amp;quot;GCS_North_American_1983&amp;quot;,DATUM[&amp;quot;D_North_American_1983&amp;quot;,SPHEROID[&amp;quot;GRS_1980&amp;quot;,6378137.0,298.257222101]],PRIMEM[&amp;quot;Greenwich&amp;quot;,0.0],UNIT[&amp;quot;Degree&amp;quot;,0.0174532925199433]],PROJECTION[&amp;quot;Transverse_Mercator&amp;quot;],PARAMETER[&amp;quot;False_Easting&amp;quot;,500000.0],PARAMETER[&amp;quot;False_Northing&amp;quot;,0.0],PARAMETER[&amp;quot;Central_Meridian&amp;quot;,-129.0],PARAMETER[&amp;quot;Scale_Factor&amp;quot;,0.9996],PARAMETER[&amp;quot;Latitude_Of_Origin&amp;quot;,0.0],UNIT[&amp;quot;Meter&amp;quot;,1.0],AUTHORITY[&amp;quot;EPSG&amp;quot;,26909]]&lt;/WKT&gt;&lt;XOrigin&gt;-5120900&lt;/XOrigin&gt;&lt;YOrigin&gt;-9998100&lt;/YOrigin&gt;&lt;XYScale&gt;450445547.3910538&lt;/XYScale&gt;&lt;ZOrigin&gt;-100000&lt;/ZOrigin&gt;&lt;ZScale&gt;10000&lt;/ZScale&gt;&lt;MOrigin&gt;-100000&lt;/MOrigin&gt;&lt;MScale&gt;10000&lt;/MScale&gt;&lt;XYTolerance&gt;0.001&lt;/XYTolerance&gt;&lt;ZTolerance&gt;0.001&lt;/ZTolerance&gt;&lt;MTolerance&gt;0.001&lt;/MTolerance&gt;&lt;HighPrecision&gt;true&lt;/HighPrecision&gt;&lt;WKID&gt;26909&lt;/WKID&gt;&lt;LatestWKID&gt;26909&lt;/LatestWKID&gt;&lt;/ProjectedCoordinateSystem&gt;</peXml><csUnits Sync="TRUE">Linear Unit: Meter (1.000000)</csUnits></coordRef></DataProperties><PublishStatus>Published</PublishStatus><ArcGISFormat>1.0</ArcGISFormat></Esri><distInfo><distributor><distorTran><onLineSrc><linkage Sync="TRUE">file://\\PAC04415\C$\temp\SDE_Boundaries.gdb</linkage><protocol Sync="TRUE">Local Area Network</protocol><orDesc Sync="TRUE">002</orDesc></onLineSrc><transSize Sync="TRUE">18.244</transSize></distorTran><distorFormat><formatName Sync="TRUE">SDE Feature Class</formatName></distorFormat></distributor><distFormat><formatName Sync="TRUE">Shapefile</formatName></distFormat><distTranOps><transSize Sync="TRUE">0.000</transSize></distTranOps></distInfo><mdDateSt Sync="TRUE">20221025</mdDateSt><dataIdInfo><envirDesc Sync="TRUE">Microsoft Windows 10 Version 10.0 (Build 19042) ; Esri ArcGIS 12.8.3.29751</envirDesc><dataLang><languageCode Sync="TRUE" value="eng" country="CA"></languageCode><countryCode value="USA" Sync="TRUE"></countryCode></dataLang><idCitation><resTitle Sync="TRUE">IPES_WCVI_boundary_UTM9</resTitle><presForm><PresFormCd Sync="TRUE" value="005"></PresFormCd></presForm></idCitation><spatRpType><SpatRepTypCd Sync="TRUE" value="001"></SpatRepTypCd></spatRpType><dataExt><geoEle><GeoBndBox esriExtentType="native"><westBL Sync="TRUE">159671.38</westBL><eastBL Sync="TRUE">1270394.66</eastBL><northBL Sync="TRUE">1221518.5</northBL><southBL Sync="TRUE">173938.43</southBL><exTypeCode Sync="TRUE">1</exTypeCode></GeoBndBox></geoEle></dataExt><geoBox esriExtentType="decdegrees"><westBL Sync="TRUE">-139.336312</westBL><eastBL Sync="TRUE">-121.66268</eastBL><northBL Sync="TRUE">55.988081</northBL><southBL Sync="TRUE">45.993451</southBL><exTypeCode Sync="TRUE">1</exTypeCode></geoBox><descKeys><thesaName uuidref="723f6998-058e-11dc-8314-0800200c9a66"></thesaName><keyword Sync="TRUE">002</keyword></descKeys><dataExt><geoEle><GeoBndBox esriExtentType="search"><exTypeCode Sync="TRUE">1</exTypeCode><westBL Sync="TRUE">-139.336312</westBL><eastBL Sync="TRUE">-121.662680</eastBL><northBL Sync="TRUE">55.988081</northBL><southBL Sync="TRUE">45.993451</southBL></GeoBndBox></geoEle></dataExt></dataIdInfo><mdLang><languageCode Sync="TRUE" value="eng"></languageCode><countryCode value="USA" Sync="TRUE"></countryCode></mdLang><mdStanName Sync="TRUE">ISO 19115 Geographic Information - Metadata</mdStanName><mdStanVer Sync="TRUE">DIS_ESRI1.0</mdStanVer><mdChar><CharSetCd Sync="TRUE" value="004"></CharSetCd></mdChar><mdHrLv><ScopeCd Sync="TRUE" value="005"></ScopeCd></mdHrLv><mdHrLvName Sync="TRUE">dataset</mdHrLvName><refSysInfo><RefSystem><refSysID><identCode Sync="TRUE" code="26909" value="3005">NAD_1983_BC_Environment_Albers</identCode><idCodeSpace Sync="TRUE">EPSG</idCodeSpace><idVersion Sync="TRUE">6.13(3.0.1)</idVersion></refSysID></RefSystem></refSysInfo><spatRepInfo><VectSpatRep><geometObjs Name="IPES_WCVI_boundary_UTM9"><geoObjTyp><GeoObjTypCd value="002" Sync="TRUE"></GeoObjTypCd></geoObjTyp><geoObjCnt Sync="TRUE">0</geoObjCnt></geometObjs><topLvl><TopoLevCd value="001" Sync="TRUE"></TopoLevCd></topLvl></VectSpatRep></spatRepInfo><mdFileID Sync="TRUE">{1CB23DC9-7EE2-471F-B682-80D5C1050ECA}</mdFileID></metadata>
